{
  "metadata": {
    "schemaVersion": "1.0",
    "importType": "LEX",
    "importFormat": "JSON"
  },
  "resource": {
    "name": "FallbackIntentForStudentHelper",
    "version": "1",
    "fulfillmentActivity": {
      "codeHook": {
        "uri": "arn:aws:lambda:us-east-1:314927161395:function:fallBackMessages",
        "messageVersion": "1.0"
      },
      "type": "CodeHook"
    },
    "sampleUtterances": [],
    "slots": [],
    "parentIntentSignature": "AMAZON.FallbackIntent",
    "slotTypes": []
  }
}