{
  "metadata": {
    "schemaVersion": "1.0",
    "importType": "LEX",
    "importFormat": "JSON"
  },
  "resource": {
    "name": "TopicApplicationDeadline",
    "version": "15",
    "fulfillmentActivity": {
      "codeHook": {
        "uri": "arn:aws:lambda:us-east-1:314927161395:function:applicationDeadline",
        "messageVersion": "1.0"
      },
      "type": "CodeHook"
    },
    "sampleUtterances": [
      "I am looking for application deadline",
      "I am searching for application deadline",
      "I am looking for information on application deadline",
      "application deadline",
      "last date",
      "deadline",
      "i want to know the application deadline"
    ],
    "slots": [],
    "slotTypes": []
  }
}